Unique Id,Name,Brand,Description
1,Test Name 1,Test Brand 1,Test Description 1
2,Test Name 2,Test Brand 2,Test Description 2
3,Test Name 3,Test Brand 3,Test Description 3
4,Test Name 4,Test Brand 4,Test Description 4
5,Test Name 5,Test Brand 5,Test Description 5
6,Test Name 6,Test Brand 6,Test Description 6
7,Test Name 7,Test Brand 7,Test Description 7
8,Test Name 8,Test Brand 8,Test Description 8
9,Test Name 9,Test Brand 9,Test Description 9
10,Test Name 10,Test Brand 10,Test Description 10
11,Test Name 11,Test Brand 11,Test Description 11
12,Test Name 12,Test Brand 12,Test Description 12
13,Test Name 13,Test Brand 13,Test Description 13
14,Test Name 14,Test Brand 14,Test Description 14
15,Test Name 15,Test Brand 15,Test Description 15
16,Test Name 16,Test Brand 16,Test Description 16
17,Test Name 17,Test Brand 17,Test Description 17
18,Test Name 18,Test Brand 18,Test Description 18
19,Test Name 19,Test Brand 19,Test Description 19
20,Test Name 20,Test Brand 20,Test Description 20
21,Test Name 21,Test Brand 21,Test Description 21
22,Test Name 22,Test Brand 22,Test Description 22
23,Test Name 23,Test Brand 23,Test Description 23
24,Test Name 24,Test Brand 24,Test Description 24
25,Test Name 25,Test Brand 25,Test Description 25
26,Test Name 26,Test Brand 26,Test Description 26
27,Test Name 27,Test Brand 27,Test Description 27
28,Test Name 28,Test Brand 28,Test Description 28
29,Test Name 29,Test Brand 29,Test Description 29
30,Test Name 30,Test Brand 30,Test Description 30
31,Test Name 31,Test Brand 31,Test Description 31
32,Test Name 32,Test Brand 32,Test Description 32
33,Test Name 33,Test Brand 33,Test Description 33
34,Test Name 34,Test Brand 34,Test Description 34
35,Test Name 35,Test Brand 35,Test Description 35
36,Test Name 36,Test Brand 36,Test Description 36
37,Test Name 37,Test Brand 37,Test Description 37
38,Test Name 38,Test Brand 38,Test Description 38
39,Test Name 39,Test Brand 39,Test Description 39
40,Test Name 40,Test Brand 40,Test Description 40
41,Test Name 41,Test Brand 41,Test Description 41
42,Test Name 42,Test Brand 42,Test Description 42
43,Test Name 43,Test Brand 43,Test Description 43
44,Test Name 44,Test Brand 44,Test Description 44
45,Test Name 45,Test Brand 45,Test Description 45
46,Test Name 46,Test Brand 46,Test Description 46
47,Test Name 47,Test Brand 47,Test Description 47
48,Test Name 48,Test Brand 48,Test Description 48
49,Test Name 49,Test Brand 49,Test Description 49
50,Test Name 50,Test Brand 50,Test Description 50
51,Test Name 51,Test Brand 51,Test Description 51
52,Test Name 52,Test Brand 52,Test Description 52
53,Test Name 53,Test Brand 53,Test Description 53
54,Test Name 54,Test Brand 54,Test Description 54
55,Test Name 55,Test Brand 55,Test Description 55
56,Test Name 56,Test Brand 56,Test Description 56
57,Test Name 57,Test Brand 57,Test Description 57
58,Test Name 58,Test Brand 58,Test Description 58
59,Test Name 59,Test Brand 59,Test Description 59
60,Test Name 60,Test Brand 60,Test Description 60
61,Test Name 61,Test Brand 61,Test Description 61
62,Test Name 62,Test Brand 62,Test Description 62
63,Test Name 63,Test Brand 63,Test Description 63
64,Test Name 64,Test Brand 64,Test Description 64
65,Test Name 65,Test Brand 65,Test Description 65
66,Test Name 66,Test Brand 66,Test Description 66
67,Test Name 67,Test Brand 67,Test Description 67
68,Test Name 68,Test Brand 68,Test Description 68
69,Test Name 69,Test Brand 69,Test Description 69
70,Test Name 70,Test Brand 70,Test Description 70
71,Test Name 71,Test Brand 71,Test Description 71
72,Test Name 72,Test Brand 72,Test Description 72
73,Test Name 73,Test Brand 73,Test Description 73
74,Test Name 74,Test Brand 74,Test Description 74
75,Test Name 75,Test Brand 75,Test Description 75
76,Test Name 76,Test Brand 76,Test Description 76
77,Test Name 77,Test Brand 77,Test Description 77
78,Test Name 78,Test Brand 78,Test Description 78
79,Test Name 79,Test Brand 79,Test Description 79
80,Test Name 80,Test Brand 80,Test Description 80
81,Test Name 81,Test Brand 81,Test Description 81
82,Test Name 82,Test Brand 82,Test Description 82
83,Test Name 83,Test Brand 83,Test Description 83
84,Test Name 84,Test Brand 84,Test Description 84
85,Test Name 85,Test Brand 85,Test Description 85
86,Test Name 86,Test Brand 86,Test Description 86
87,Test Name 87,Test Brand 87,Test Description 87
88,Test Name 88,Test Brand 88,Test Description 88
89,Test Name 89,Test Brand 89,Test Description 89
90,Test Name 90,Test Brand 90,Test Description 90
91,Test Name 91,Test Brand 91,Test Description 91
92,Test Name 92,Test Brand 92,Test Description 92
93,Test Name 93,Test Brand 93,Test Description 93
94,Test Name 94,Test Brand 94,Test Description 94
95,Test Name 95,Test Brand 95,Test Description 95
96,Test Name 96,Test Brand 96,Test Description 96
97,Test Name 97,Test Brand 97,Test Description 97
98,Test Name 98,Test Brand 98,Test Description 98
99,Test Name 99,Test Brand 99,Test Description 99
100,Test Name 100,Test Brand 100,Test Description 100
101,Test Name 101,Test Brand 101,Test Description 101
102,Test Name 102,Test Brand 102,Test Description 102
103,Test Name 103,Test Brand 103,Test Description 103
104,Test Name 104,Test Brand 104,Test Description 104
105,Test Name 105,Test Brand 105,Test Description 105
106,Test Name 106,Test Brand 106,Test Description 106
107,Test Name 107,Test Brand 107,Test Description 107
108,Test Name 108,Test Brand 108,Test Description 108
109,Test Name 109,Test Brand 109,Test Description 109
110,Test Name 110,Test Brand 110,Test Description 110
111,Test Name 111,Test Brand 111,Test Description 111
112,Test Name 112,Test Brand 112,Test Description 112
113,Test Name 113,Test Brand 113,Test Description 113
114,Test Name 114,Test Brand 114,Test Description 114
115,Test Name 115,Test Brand 115,Test Description 115
116,Test Name 116,Test Brand 116,Test Description 116
117,Test Name 117,Test Brand 117,Test Description 117
118,Test Name 118,Test Brand 118,Test Description 118
119,Test Name 119,Test Brand 119,Test Description 119
120,Test Name 120,Test Brand 120,Test Description 120
121,Test Name 121,Test Brand 121,Test Description 121
122,Test Name 122,Test Brand 122,Test Description 122
123,Test Name 123,Test Brand 123,Test Description 123
124,Test Name 124,Test Brand 124,Test Description 124
125,Test Name 125,Test Brand 125,Test Description 125
126,Test Name 126,Test Brand 126,Test Description 126
127,Test Name 127,Test Brand 127,Test Description 127
128,Test Name 128,Test Brand 128,Test Description 128
129,Test Name 129,Test Brand 129,Test Description 129
130,Test Name 130,Test Brand 130,Test Description 130
131,Test Name 131,Test Brand 131,Test Description 131
132,Test Name 132,Test Brand 132,Test Description 132
133,Test Name 133,Test Brand 133,Test Description 133
134,Test Name 134,Test Brand 134,Test Description 134
135,Test Name 135,Test Brand 135,Test Description 135
136,Test Name 136,Test Brand 136,Test Description 136
137,Test Name 137,Test Brand 137,Test Description 137
138,Test Name 138,Test Brand 138,Test Description 138
139,Test Name 139,Test Brand 139,Test Description 139
140,Test Name 140,Test Brand 140,Test Description 140
141,Test Name 141,Test Brand 141,Test Description 141
142,Test Name 142,Test Brand 142,Test Description 142
143,Test Name 143,Test Brand 143,Test Description 143
144,Test Name 144,Test Brand 144,Test Description 144
145,Test Name 145,Test Brand 145,Test Description 145
146,Test Name 146,Test Brand 146,Test Description 146
147,Test Name 147,Test Brand 147,Test Description 147
148,Test Name 148,Test Brand 148,Test Description 148
149,Test Name 149,Test Brand 149,Test Description 149
150,Test Name 150,Test Brand 150,Test Description 150
